[
  {
    "text": "Things to Do First",
    "href": "/wikis/pokemon-go/Things_to_Do_First"
  },
  {
    "text": "How to Catch Pokemon",
    "href": "/wikis/pokemon-go/How_to_Catch_Pokemon"
  },
  {
    "text": "Things Pokemon Go Doesn't Tell You",
    "href": "/wikis/pokemon-go/Things_Pokemon_Go_Doesn%27t_Tell_You"
  },
  {
    "text": "How to Throw a Poke Ball",
    "href": "/wikis/pokemon-go/How_to_Throw_a_Poke_Ball"
  },
  {
    "text": "Best Items to Buy with Real Money",
    "href": "/wikis/pokemon-go/Best_Items_to_Buy_with_Real_Money"
  },
  {
    "text": "How to Power Up Your Pokemon",
    "href": "/wikis/pokemon-go/How_to_Power_Up_Your_Pokemon"
  },
  {
    "text": "How to Become a Gym Leader",
    "href": "/wikis/pokemon-go/How_to_Become_a_Gym_Leader"
  },
  {
    "text": "How to Level Up Your Trainer",
    "href": "/wikis/pokemon-go/How_to_Level_Up_Your_Trainer"
  },
  {
    "text": "Bugs, Glitches, Freezes, and Fixes",
    "href": "/wikis/pokemon-go/Bugs,_Glitches,_Freezes,_and_Fixes"
  },
  {
    "text": "PokeStops",
    "href": "/wikis/pokemon-go/PokeStops"
  },
  {
    "text": "How to Get Coins",
    "href": "/wikis/pokemon-go/How_to_Get_Coins"
  },
  {
    "text": "Battery Usage Tips",
    "href": "/wikis/pokemon-go/Battery_Usage_Tips"
  },
  {
    "text": "Data Usage Tips",
    "href": "/wikis/pokemon-go/Data_Usage_Tips"
  },
  {
    "text": "Eggs and Hatching",
    "href": "/wikis/pokemon-go/Eggs_and_Hatching"
  },
  {
    "text": "Trainer Max Level",
    "href": "/wikis/pokemon-go/Trainer_Max_Level"
  },
  {
    "text": "Level Rewards and Unlockable Items",
    "href": "/wikis/pokemon-go/Level_Rewards_and_Unlockable_Items"
  },
  {
    "text": "Map",
    "href": "/wikis/pokemon-go/Map"
  },
  {
    "text": "Items",
    "href": "/wikis/pokemon-go/Items"
  },
  {
    "text": "Bag Upgrade",
    "href": "/wikis/pokemon-go/Bag_Upgrade"
  },
  {
    "text": "Camera",
    "href": "/wikis/pokemon-go/Camera"
  },
  {
    "text": "Egg Incubators",
    "href": "/wikis/pokemon-go/Egg_Incubators"
  },
  {
    "text": "Great Balls",
    "href": "/wikis/pokemon-go/Great_Balls"
  },
  {
    "text": "Incense",
    "href": "/wikis/pokemon-go/Incense"
  },
  {
    "text": "Lucky Eggs",
    "href": "/wikis/pokemon-go/Lucky_Eggs"
  },
  {
    "text": "Lure Modules",
    "href": "/wikis/pokemon-go/Lure_Modules"
  },
  {
    "text": "Poke Balls",
    "href": "/wikis/pokemon-go/Poke_Balls"
  },
  {
    "text": "Pokemon Candy",
    "href": "/wikis/pokemon-go/Pokemon_Candy"
  },
  {
    "text": "PokeCoins",
    "href": "/wikis/pokemon-go/PokeCoins"
  },
  {
    "text": "Pokemon Storage Upgrade",
    "href": "/wikis/pokemon-go/Pokemon_Storage_Upgrade"
  },
  {
    "text": "Potions",
    "href": "/wikis/pokemon-go/Potions"
  },
  {
    "text": "Razz Berries",
    "href": "/wikis/pokemon-go/Razz_Berries"
  },
  {
    "text": "Revives",
    "href": "/wikis/pokemon-go/Revives"
  },
  {
    "text": "Stardust",
    "href": "/wikis/pokemon-go/Stardust"
  },
  {
    "text": "Super Potions",
    "href": "/wikis/pokemon-go/Super_Potions"
  },
  {
    "text": "Ultra Balls",
    "href": "/wikis/pokemon-go/Ultra_Balls"
  },
  {
    "text": "Shop",
    "href": "/wikis/pokemon-go/Shop"
  },
  {
    "text": "Teams and Gyms",
    "href": "/wikis/pokemon-go/Teams_and_Gyms"
  },
  {
    "text": "Gym Battles",
    "href": "/wikis/pokemon-go/Gym_Battles"
  },
  {
    "text": "Special Attacks",
    "href": "/wikis/pokemon-go/Special_Attacks"
  },
  {
    "text": "List of Pokemon (Pokedex)",
    "href": "/wikis/pokemon-go/List_of_Pokemon_(Pokedex)"
  },
  {
    "text": "Rare Pokemon",
    "href": "/wikis/pokemon-go/Rare_Pokemon"
  },
  {
    "text": "Legendary Pokemon",
    "href": "/wikis/pokemon-go/Legendary_Pokemon"
  },
  {
    "text": "Eevee Evolutions",
    "href": "/wikis/pokemon-go/Eevee_Evolutions"
  },
  {
    "text": "Pokemon Compared",
    "href": "/wikis/pokemon-go/Pokemon_Compared"
  },
  {
    "text": "How to Remove Full Access to Google Account",
    "href": "/wikis/pokemon-go/How_to_Remove_Full_Access_to_Google_Account"
  },
  {
    "text": "Cheats and Secrets",
    "href": "/wikis/pokemon-go/Cheats_and_Secrets"
  },
  {
    "text": "Medals",
    "href": "/wikis/pokemon-go/Medals"
  },
  {
    "text": "Pokemon Go Plus",
    "href": "/wikis/pokemon-go/Pokemon_Go_Plus"
  },
  {
    "text": "Updates and New Features",
    "href": "/wikis/pokemon-go/Updates_and_New_Features"
  },
  {
    "text": "Pokemon Trading",
    "href": "/wikis/pokemon-go/Pokemon_Trading"
  },
  {
    "text": "Events",
    "href": "/wikis/pokemon-go/Events"
  }
]